,id,name,localized_name,primary_attr,attack_type,roles,img,icon,base_health,base_health_regen,base_mana,base_mana_regen,base_armor,base_mr,base_attack_min,base_attack_max,base_str,base_agi,base_int,str_gain,agi_gain,int_gain,attack_range,projectile_speed,attack_rate,move_speed,turn_rate,cm_enabled,legs,hero_id,turbo_picks,turbo_wins,pro_win,pro_pick,pro_ban,1_pick,1_win,2_pick,2_win,3_pick,3_win,4_pick,4_win,5_pick,5_win,6_pick,6_win,7_pick,7_win,8_pick,8_win,winrate,lane,main_role
0,1,npc_dota_hero_antimage,Anti-Mage,agi,Melee,"['Carry', 'Escape', 'Nuker']",/apps/dota2/images/heroes/antimage_full.png?,/apps/dota2/images/heroes/antimage_icon.png,200,0.25,75,0.0,-1.0,25,29,33,23,24,12,1.3,2.8,1.8,150,0,1.4,310,0.5,True,2,1,171514,90239,58,123,504,18177,9266,42202,21617,61158,31457,62510,32163,42507,21773,19811,10107,8205,4083,1913,929,49.53548132041906,1,safelane
1,2,npc_dota_hero_axe,Axe,str,Melee,"['Initiator', 'Durable', 'Disabler', 'Jungler']",/apps/dota2/images/heroes/axe_full.png?,/apps/dota2/images/heroes/axe_icon.png,200,2.75,75,0.0,-1.0,25,27,31,25,20,18,3.4,2.2,1.6,150,900,1.7,310,0.6,True,2,2,127765,64075,48,119,119,16201,8158,36895,18778,50995,25887,50212,25296,32556,16405,14599,7431,5528,2775,1063,488,49.5069033530572,3,offlane
2,3,npc_dota_hero_bane,Bane,int,Ranged,"['Support', 'Disabler', 'Nuker', 'Durable']",/apps/dota2/images/heroes/bane_full.png?,/apps/dota2/images/heroes/bane_icon.png,200,,75,0.0,1.0,25,35,41,22,22,22,2.6,2.6,2.6,400,900,1.7,305,0.6,True,4,3,28287,13159,18,36,9,3242,1541,7407,3688,11254,5603,12418,6356,9747,5145,5233,2784,2549,1333,894,460,52.07667731629393,1,safelane
3,4,npc_dota_hero_bloodseeker,Bloodseeker,agi,Melee,"['Carry', 'Disabler', 'Jungler', 'Nuker', 'Initiator']",/apps/dota2/images/heroes/bloodseeker_full.png?,/apps/dota2/images/heroes/bloodseeker_icon.png,200,,75,0.0,2.0,25,33,39,24,22,21,2.7,3.4,2.0,150,900,1.7,300,0.5,True,2,4,103014,51366,90,207,298,12950,6875,19279,10117,22580,11998,20794,11215,14294,7703,7055,3838,2974,1647,787,425,55.09173092262696,3,offlane
4,5,npc_dota_hero_crystal_maiden,Crystal Maiden,int,Ranged,"['Support', 'Disabler', 'Nuker', 'Jungler']",/apps/dota2/images/heroes/crystal_maiden_full.png?,/apps/dota2/images/heroes/crystal_maiden_icon.png,200,,75,1.0,-1.0,25,28,34,18,16,16,2.2,1.6,3.3,600,900,1.7,280,0.5,True,2,5,137656,70061,113,218,124,20636,10910,43549,22727,59568,31097,57807,29489,37599,19297,16879,8558,6724,3342,1647,780,49.24142874208577,1,safelane
5,6,npc_dota_hero_drow_ranger,Drow Ranger,agi,Ranged,"['Carry', 'Disabler', 'Pusher']",/apps/dota2/images/heroes/drow_ranger_full.png?,/apps/dota2/images/heroes/drow_ranger_icon.png,200,0.25,75,0.0,0.0,25,31,38,18,20,15,1.9,2.9,1.4,625,1250,1.7,290,0.7,True,2,6,243821,124452,190,366,545,24898,12567,45668,23413,58515,30104,56148,28788,37957,19338,18106,9337,7716,3992,1945,1020,51.87868750646931,1,safelane
6,7,npc_dota_hero_earthshaker,Earthshaker,str,Melee,"['Support', 'Initiator', 'Disabler', 'Nuker']",/apps/dota2/images/heroes/earthshaker_full.png?,/apps/dota2/images/heroes/earthshaker_icon.png,200,1.0,75,0.0,2.0,25,27,37,22,12,16,3.7,1.4,1.8,150,0,1.7,310,0.9,True,2,7,142258,70108,44,92,56,11992,5797,29504,14298,46212,22443,49906,24419,33786,16690,14606,7134,5360,2613,1113,568,49.14259230650394,3,offlane
7,8,npc_dota_hero_juggernaut,Juggernaut,agi,Melee,"['Carry', 'Pusher', 'Escape']",/apps/dota2/images/heroes/juggernaut_full.png?,/apps/dota2/images/heroes/juggernaut_icon.png,200,0.5,75,0.0,0.0,25,16,20,20,34,14,2.2,2.8,1.4,150,0,1.4,305,0.6,True,2,8,288012,145534,100,186,161,28519,14487,64586,32611,93645,48198,93486,48500,60786,31445,26487,13467,9703,4927,1835,908,50.572022880915235,1,safelane
8,9,npc_dota_hero_mirana,Mirana,agi,Ranged,"['Carry', 'Support', 'Escape', 'Nuker', 'Disabler']",/apps/dota2/images/heroes/mirana_full.png?,/apps/dota2/images/heroes/mirana_icon.png,200,,75,0.4,-1.0,25,27,32,18,18,22,2.2,3.7,1.9,630,900,1.7,290,0.5,True,2,9,132700,67854,179,340,197,11338,5778,32227,16764,55145,28394,60790,31570,41830,21933,19291,10203,8024,4293,2500,1320,53.335233751425314,3,offlane
9,10,npc_dota_hero_morphling,Morphling,agi,Ranged,"['Carry', 'Escape', 'Durable', 'Nuker', 'Disabler']",/apps/dota2/images/heroes/morphling_full.png?,/apps/dota2/images/heroes/morphling_icon.png,200,,75,0.0,-2.0,25,9,18,22,24,15,3.0,4.3,1.5,350,1300,1.5,280,0.6,True,0,10,116266,57132,110,258,597,10176,5009,25123,12323,38155,18382,40949,19427,29819,14121,14829,7032,6842,3228,1967,961,47.55363832444091,1,safelane
10,11,npc_dota_hero_nevermore,Shadow Fiend,agi,Ranged,"['Carry', 'Nuker']",/apps/dota2/images/heroes/nevermore_full.png?,/apps/dota2/images/heroes/nevermore_icon.png,200,0.25,75,0.3,0.0,25,19,25,19,20,18,2.7,3.5,2.2,500,1200,1.7,305,1.0,True,0,11,167458,80459,32,60,146,14593,7117,35897,17640,56305,27864,61603,30249,42878,20981,19286,9335,7254,3581,1423,689,49.210556644001386,2,mid
11,12,npc_dota_hero_phantom_lancer,Phantom Lancer,agi,Melee,"['Carry', 'Escape', 'Pusher', 'Nuker']",/apps/dota2/images/heroes/phantom_lancer_full.png?,/apps/dota2/images/heroes/phantom_lancer_icon.png,200,1.5,75,0.0,0.0,25,26,40,19,26,19,2.2,3.2,2.0,150,900,1.7,290,0.6,True,2,12,93476,46087,41,82,303,10530,5090,18776,8945,22496,10372,19445,8840,11532,5249,5134,2363,2273,1075,674,316,47.200542925008484,1,safelane
12,13,npc_dota_hero_puck,Puck,int,Ranged,"['Initiator', 'Disabler', 'Escape', 'Nuker']",/apps/dota2/images/heroes/puck_full.png?,/apps/dota2/images/heroes/puck_icon.png,200,0.5,75,0.0,-3.0,25,23,34,17,22,23,2.4,2.2,3.5,550,900,1.7,290,0.5,True,2,13,46637,21676,56,127,228,3117,1447,7902,3583,14250,6669,17522,8321,14486,6974,7795,3778,3643,1748,960,474,48.27286552248534,2,mid
13,14,npc_dota_hero_pudge,Pudge,str,Melee,"['Disabler', 'Initiator', 'Durable', 'Nuker']",/apps/dota2/images/heroes/pudge_full.png?,/apps/dota2/images/heroes/pudge_icon.png,200,2.0,75,0.0,-2.0,25,40,46,25,14,16,3.2,1.5,1.5,150,0,1.7,280,0.7,True,2,14,518824,247893,16,25,18,35214,17953,82185,41316,118625,59181,116806,57555,72540,35441,28636,13755,8608,4003,1107,493,46.27895007720021,3,offlane
14,15,npc_dota_hero_razor,Razor,agi,Ranged,"['Carry', 'Durable', 'Nuker', 'Pusher']",/apps/dota2/images/heroes/razor_full.png?,/apps/dota2/images/heroes/razor_icon.png,200,,75,0.0,-1.0,25,23,25,22,22,21,2.8,2.6,2.2,475,2000,1.7,285,0.5,True,0,15,45386,21927,7,16,33,5439,2620,8296,4060,10524,5214,10083,5025,6398,3211,2582,1324,986,508,148,73,51.23456790123457,3,offlane
15,16,npc_dota_hero_sand_king,Sand King,str,Melee,"['Initiator', 'Disabler', 'Support', 'Nuker', 'Escape', 'Jungler']",/apps/dota2/images/heroes/sand_king_full.png?,/apps/dota2/images/heroes/sand_king_icon.png,200,,75,0.0,-1.0,25,23,33,22,19,19,3.0,1.8,1.8,150,900,1.7,290,0.5,True,6,16,70440,36791,45,84,62,6283,3219,14733,7372,22800,11298,25481,12637,18845,9437,9169,4615,4069,2042,1138,562,50.00960245822931,3,offlane
16,17,npc_dota_hero_storm_spirit,Storm Spirit,int,Ranged,"['Carry', 'Escape', 'Nuker', 'Initiator', 'Disabler']",/apps/dota2/images/heroes/storm_spirit_full.png?,/apps/dota2/images/heroes/storm_spirit_icon.png,200,,75,0.0,2.0,25,26,36,21,22,23,2.0,1.7,3.9,480,1100,1.7,285,0.8,True,2,17,110043,51383,133,269,665,9396,4488,24360,11753,39845,19133,44859,21833,32307,15872,15540,7680,7110,3509,2036,1024,49.562650338945986,2,mid
17,18,npc_dota_hero_sven,Sven,str,Melee,"['Carry', 'Disabler', 'Initiator', 'Durable', 'Nuker']",/apps/dota2/images/heroes/sven_full.png?,/apps/dota2/images/heroes/sven_icon.png,200,,75,0.0,1.0,25,41,43,22,21,16,3.2,2.0,1.3,150,0,1.8,325,0.6,True,2,18,213166,111161,260,484,480,23116,12061,47739,24821,66637,34452,66422,34247,44324,22910,20683,10694,8941,4617,2455,1282,51.76377676377676,1,safelane
18,19,npc_dota_hero_tiny,Tiny,str,Melee,"['Carry', 'Nuker', 'Pusher', 'Initiator', 'Durable', 'Disabler']",/apps/dota2/images/heroes/tiny_full.png?,/apps/dota2/images/heroes/tiny_icon.png,200,1.0,75,0.0,0.0,25,31,37,28,0,17,3.8,0.0,2.2,150,900,1.7,310,0.5,True,2,19,79706,34621,143,332,304,6668,2954,17245,7752,30348,13834,38104,17607,31061,14575,17302,8182,8890,4313,3134,1536,48.64437791084498,3,offlane
19,20,npc_dota_hero_vengefulspirit,Vengeful Spirit,agi,Ranged,"['Support', 'Initiator', 'Disabler', 'Nuker', 'Escape']",/apps/dota2/images/heroes/vengefulspirit_full.png?,/apps/dota2/images/heroes/vengefulspirit_icon.png,200,0.25,75,0.0,0.0,25,21,29,19,20,17,2.4,3.8,1.5,400,1500,1.7,290,0.6,True,2,20,69169,36575,114,225,206,6955,3627,15658,8167,23438,12308,25285,13380,17062,8874,8231,4445,3624,1874,983,503,51.595398306924245,1,safelane
20,21,npc_dota_hero_windrunner,Windranger,int,Ranged,"['Carry', 'Support', 'Disabler', 'Escape', 'Nuker']",/apps/dota2/images/heroes/windrunner_full.png?,/apps/dota2/images/heroes/windrunner_icon.png,200,,75,0.0,-1.0,25,24,36,18,17,18,3.0,1.4,3.6,600,1250,1.5,290,0.8,True,2,21,299714,157703,82,160,154,24819,12734,52325,26871,76979,39582,80442,41296,55009,28085,25050,12681,9875,4982,2229,1100,50.24785194976867,3,offlane
21,22,npc_dota_hero_zuus,Zeus,int,Ranged,['Nuker'],/apps/dota2/images/heroes/zuus_full.png?,/apps/dota2/images/heroes/zuus_icon.png,200,,75,0.25,1.0,25,33,41,21,11,22,2.1,1.2,3.3,380,1100,1.7,310,0.6,True,2,22,283886,159197,59,135,310,22115,12188,46600,25859,67626,37346,70169,38371,47953,26123,21590,11487,8684,4424,2057,1016,50.64705334698818,2,mid
22,23,npc_dota_hero_kunkka,Kunkka,str,Melee,"['Carry', 'Support', 'Disabler', 'Initiator', 'Durable', 'Nuker']",/apps/dota2/images/heroes/kunkka_full.png?,/apps/dota2/images/heroes/kunkka_icon.png,200,,75,0.0,1.0,25,26,36,24,14,18,3.8,1.3,1.5,150,900,1.7,300,0.6,True,2,23,78636,36941,49,103,304,8528,3908,19435,9016,28284,13168,27890,13032,17098,7984,6676,3144,2223,1018,505,205,44.83137829912023,2,mid
23,25,npc_dota_hero_lina,Lina,int,Ranged,"['Support', 'Carry', 'Nuker', 'Disabler']",/apps/dota2/images/heroes/lina_full.png?,/apps/dota2/images/heroes/lina_icon.png,200,,75,0.0,1.0,25,19,31,20,23,30,2.4,1.8,3.7,670,1000,1.6,290,0.6,True,2,25,137361,60894,268,538,819,16318,7226,35113,16271,55578,26112,62444,29884,46192,22425,23174,11217,10494,5245,3061,1562,50.217631870158606,3,offlane
24,26,npc_dota_hero_lion,Lion,int,Ranged,"['Support', 'Disabler', 'Nuker', 'Initiator']",/apps/dota2/images/heroes/lion_full.png?,/apps/dota2/images/heroes/lion_icon.png,200,,75,0.0,0.0,25,29,35,18,15,18,2.2,1.5,3.5,600,900,1.7,290,0.5,True,2,26,264819,125501,23,46,19,30584,15194,68216,33345,96874,47000,93762,45721,57166,27439,22324,10836,7057,3391,992,485,48.155050316809536,1,safelane
25,27,npc_dota_hero_shadow_shaman,Shadow Shaman,int,Ranged,"['Support', 'Pusher', 'Disabler', 'Nuker', 'Initiator']",/apps/dota2/images/heroes/shadow_shaman_full.png?,/apps/dota2/images/heroes/shadow_shaman_icon.png,200,,75,0.0,2.0,25,46,53,23,16,25,2.3,1.6,3.5,400,900,1.7,285,0.5,True,2,27,99376,49496,53,112,85,15603,7788,31385,15666,42345,21162,40323,20349,25782,13105,11299,5734,4360,2191,855,441,50.46979865771812,1,safelane
26,28,npc_dota_hero_slardar,Slardar,str,Melee,"['Carry', 'Durable', 'Initiator', 'Disabler', 'Escape']",/apps/dota2/images/heroes/slardar_full.png?,/apps/dota2/images/heroes/slardar_icon.png,200,0.5,75,0.0,3.0,25,30,38,21,17,15,3.6,2.4,1.5,150,0,1.7,300,0.5,True,0,28,132575,70677,263,459,806,13453,6891,31734,16296,48950,25436,52945,27886,37122,19291,17887,9444,8136,4231,2495,1261,51.660238923901794,3,offlane
27,29,npc_dota_hero_tidehunter,Tidehunter,str,Melee,"['Initiator', 'Durable', 'Disabler', 'Nuker']",/apps/dota2/images/heroes/tidehunter_full.png?,/apps/dota2/images/heroes/tidehunter_icon.png,200,,75,0.0,0.0,25,25,31,27,15,18,3.5,1.5,1.7,150,900,1.7,300,0.5,True,2,29,59693,31222,56,120,183,7451,3908,18987,9893,29705,15450,30287,15708,19728,10243,8640,4479,3393,1733,793,402,51.00334448160535,3,offlane
28,30,npc_dota_hero_witch_doctor,Witch Doctor,int,Ranged,"['Support', 'Nuker', 'Disabler']",/apps/dota2/images/heroes/witch_doctor_full.png?,/apps/dota2/images/heroes/witch_doctor_icon.png,200,,75,0.0,0.0,25,29,39,18,13,22,2.3,1.4,3.3,600,1200,1.7,300,0.5,True,2,30,129096,64075,33,94,30,21326,10779,45894,23018,62537,31247,58628,29397,36011,17815,14582,7071,5284,2547,1004,464,47.88486005089059,1,safelane
29,31,npc_dota_hero_lich,Lich,int,Ranged,"['Support', 'Nuker']",/apps/dota2/images/heroes/lich_full.png?,/apps/dota2/images/heroes/lich_icon.png,200,,75,0.75,-1.0,25,24,33,20,15,24,2.1,2.0,4.1,550,900,1.7,295,0.5,True,2,31,80999,40316,37,97,50,11906,6051,25506,13003,38396,19790,42237,21473,31296,15841,15989,8170,7615,3799,1855,871,49.31362196409715,1,safelane
30,32,npc_dota_hero_riki,Riki,agi,Melee,"['Carry', 'Escape', 'Disabler']",/apps/dota2/images/heroes/riki_full.png?,/apps/dota2/images/heroes/riki_icon.png,200,3.0,75,0.0,3.0,25,41,45,18,18,14,2.4,1.4,1.3,150,900,1.7,320,0.6,True,2,32,114952,57637,20,53,46,11764,6043,21028,10770,25543,13282,23024,11922,14636,7723,6297,3237,2316,1123,547,256,48.16625916870416,1,safelane
31,33,npc_dota_hero_enigma,Enigma,int,Ranged,"['Disabler', 'Jungler', 'Initiator', 'Pusher']",/apps/dota2/images/heroes/enigma_full.png?,/apps/dota2/images/heroes/enigma_icon.png,200,,75,0.0,2.0,25,24,30,21,14,19,2.5,1.0,3.6,500,900,1.7,290,0.5,True,0,33,66069,34962,28,48,58,4246,2271,10092,5160,15111,7901,14350,7466,8306,4148,3570,1837,1531,756,431,224,49.94903160040774,3,offlane
32,34,npc_dota_hero_tinker,Tinker,int,Ranged,"['Carry', 'Nuker', 'Pusher']",/apps/dota2/images/heroes/tinker_full.png?,/apps/dota2/images/heroes/tinker_icon.png,200,,75,0.75,2.0,25,24,30,18,13,30,2.5,1.2,3.3,500,900,1.7,290,0.6,True,2,34,71613,30966,3,7,48,5628,2471,14337,6469,23090,10568,24501,11479,16419,7682,7326,3506,3103,1527,543,264,49.122325836533186,2,mid
33,35,npc_dota_hero_sniper,Sniper,agi,Ranged,"['Carry', 'Nuker']",/apps/dota2/images/heroes/sniper_full.png?,/apps/dota2/images/heroes/sniper_icon.png,200,,75,0.0,-1.0,25,19,25,19,21,15,1.7,3.4,2.6,550,3000,1.7,285,0.7,True,2,35,395829,190075,16,29,13,32177,15218,56287,26386,64758,30027,50951,23583,24550,11324,7275,3263,1584,687,142,61,43.337195828505216,2,mid
34,36,npc_dota_hero_necrolyte,Necrophos,int,Ranged,"['Carry', 'Nuker', 'Durable', 'Disabler']",/apps/dota2/images/heroes/necrolyte_full.png?,/apps/dota2/images/heroes/necrolyte_icon.png,200,,75,0.0,1.0,25,26,30,18,12,21,2.6,1.3,2.7,500,900,1.7,280,0.5,True,2,36,82113,42427,16,29,33,9709,5146,21464,11257,29302,15170,27779,14469,17246,8874,7020,3704,2600,1338,452,225,51.21231979030144,3,offlane
35,37,npc_dota_hero_warlock,Warlock,int,Ranged,"['Support', 'Initiator', 'Disabler']",/apps/dota2/images/heroes/warlock_full.png?,/apps/dota2/images/heroes/warlock_icon.png,200,,75,0.0,1.0,25,24,34,26,10,25,3.0,1.0,3.1,600,1200,1.7,290,0.5,True,2,37,56459,31381,23,48,129,6451,3390,14854,7802,21723,11468,22343,11684,15699,8256,7405,3736,3366,1678,727,359,49.767896408502324,1,safelane
36,38,npc_dota_hero_beastmaster,Beastmaster,str,Melee,"['Initiator', 'Disabler', 'Durable', 'Nuker']",/apps/dota2/images/heroes/beastmaster_full.png?,/apps/dota2/images/heroes/beastmaster_icon.png,200,,75,0.0,-1.0,25,37,41,23,18,16,2.9,1.6,1.9,150,0,1.7,305,0.5,True,2,38,17389,7482,113,190,465,1391,615,3347,1533,5894,2627,7067,3351,5834,2784,3510,1777,1989,1011,752,393,51.22218168551623,3,offlane
37,39,npc_dota_hero_queenofpain,Queen of Pain,int,Ranged,"['Carry', 'Nuker', 'Escape']",/apps/dota2/images/heroes/queenofpain_full.png?,/apps/dota2/images/heroes/queenofpain_icon.png,200,,75,0.0,0.0,25,20,28,18,22,25,2.2,2.5,3.4,550,1500,1.5,290,0.5,True,2,39,99747,45620,64,133,259,10241,4779,24607,11357,40103,18802,43821,20818,30602,14618,14075,6884,5640,2785,1354,638,48.941950243065484,2,mid
38,40,npc_dota_hero_venomancer,Venomancer,agi,Ranged,"['Support', 'Nuker', 'Initiator', 'Pusher', 'Disabler']",/apps/dota2/images/heroes/venomancer_full.png?,/apps/dota2/images/heroes/venomancer_icon.png,200,,75,0.0,0.0,25,16,18,19,26,19,2.1,3.2,1.8,450,900,1.7,280,0.5,True,0,40,92510,45913,45,79,92,8206,4041,18015,8873,26359,12954,26930,13283,18166,9024,7964,4062,3296,1728,770,405,52.45941957697984,3,offlane
39,41,npc_dota_hero_faceless_void,Faceless Void,agi,Melee,"['Carry', 'Initiator', 'Disabler', 'Escape', 'Durable']",/apps/dota2/images/heroes/faceless_void_full.png?,/apps/dota2/images/heroes/faceless_void_icon.png,200,0.5,75,0.0,0.0,25,33,39,24,23,15,2.4,3.0,1.5,150,900,1.7,300,1.0,True,2,41,241880,125658,158,301,758,25025,12664,54830,27476,78253,39431,77911,39641,51668,26357,23667,12058,10344,5368,3004,1621,52.35990410548397,1,safelane
40,42,npc_dota_hero_skeleton_king,Wraith King,str,Melee,"['Carry', 'Support', 'Durable', 'Disabler', 'Initiator']",/apps/dota2/images/heroes/skeleton_king_full.png?,/apps/dota2/images/heroes/skeleton_king_icon.png,200,,75,0.0,-1.0,25,40,42,22,18,18,3.0,1.7,1.6,150,0,1.7,315,0.5,True,2,42,171200,94691,27,48,16,18596,10233,36676,19683,44639,23264,37923,19047,20228,10109,7023,3378,1942,891,245,101,45.358939186099676,1,safelane
41,43,npc_dota_hero_death_prophet,Death Prophet,int,Ranged,"['Carry', 'Pusher', 'Nuker', 'Disabler']",/apps/dota2/images/heroes/death_prophet_full.png?,/apps/dota2/images/heroes/death_prophet_icon.png,200,,75,0.0,1.0,25,27,39,19,14,24,3.1,1.4,3.5,600,1000,1.7,310,0.5,True,2,43,38666,18505,65,144,411,4852,2230,8361,3917,10704,5141,10155,4896,6760,3303,3153,1615,1584,830,476,259,52.86407766990291,2,mid
42,44,npc_dota_hero_phantom_assassin,Phantom Assassin,agi,Melee,"['Carry', 'Escape']",/apps/dota2/images/heroes/phantom_assassin_full.png?,/apps/dota2/images/heroes/phantom_assassin_icon.png,200,0.25,75,0.0,1.0,25,30,32,21,23,15,2.2,3.4,1.4,150,900,1.7,305,0.6,True,2,44,325056,170921,116,276,589,31146,15698,65374,32621,91586,45292,91608,44719,61529,29770,28807,13795,12367,5957,3363,1580,47.914812460267,1,safelane
43,45,npc_dota_hero_pugna,Pugna,int,Ranged,"['Nuker', 'Pusher']",/apps/dota2/images/heroes/pugna_full.png?,/apps/dota2/images/heroes/pugna_icon.png,200,,75,0.5,0.0,25,19,27,19,24,24,2.0,1.3,5.2,630,900,1.7,330,0.5,True,2,45,82475,39904,79,147,240,7199,3338,14955,7093,22231,10897,23705,11729,17273,8762,8468,4302,3842,2025,1084,545,52.17214778725132,2,mid
44,46,npc_dota_hero_templar_assassin,Templar Assassin,agi,Ranged,"['Carry', 'Escape']",/apps/dota2/images/heroes/templar_assassin_full.png?,/apps/dota2/images/heroes/templar_assassin_icon.png,200,0.25,75,0.0,1.0,25,30,36,19,23,20,2.4,3.2,2.0,140,900,1.7,305,0.7,True,2,46,42396,18650,74,137,340,5612,2455,11199,4980,16422,7506,18276,8750,13116,6351,6870,3429,3349,1681,948,483,50.36071677914824,2,mid
45,47,npc_dota_hero_viper,Viper,agi,Ranged,"['Carry', 'Durable', 'Initiator', 'Disabler']",/apps/dota2/images/heroes/viper_full.png?,/apps/dota2/images/heroes/viper_icon.png,200,,75,0.0,-2.0,25,27,29,21,21,17,2.4,2.5,2.0,575,1200,1.7,275,0.5,True,0,47,189321,95054,160,313,779,17450,8451,30482,14881,41854,20735,41337,21032,27300,13859,12695,6344,5804,2957,2008,1087,51.76651305683564,3,offlane
46,48,npc_dota_hero_luna,Luna,agi,Ranged,"['Carry', 'Nuker', 'Pusher']",/apps/dota2/images/heroes/luna_full.png?,/apps/dota2/images/heroes/luna_icon.png,200,0.5,75,0.0,0.0,25,32,38,21,18,23,2.2,3.4,1.9,330,900,1.7,325,0.6,True,2,48,121074,62286,23,53,38,12041,6058,21779,11110,27531,13750,25101,12586,15222,7656,6092,3029,2023,1004,421,207,49.54991816693944,1,safelane
47,49,npc_dota_hero_dragon_knight,Dragon Knight,str,Melee,"['Carry', 'Pusher', 'Durable', 'Disabler', 'Initiator', 'Nuker']",/apps/dota2/images/heroes/dragon_knight_full.png?,/apps/dota2/images/heroes/dragon_knight_icon.png,200,,75,0.0,0.0,25,31,37,19,19,18,3.4,2.0,1.7,150,900,1.7,310,0.6,True,2,49,58995,29986,41,88,61,9212,4705,18341,9177,23048,11519,19529,9722,10651,5323,4061,2013,1339,641,261,116,47.3125,3,offlane
48,50,npc_dota_hero_dazzle,Dazzle,int,Ranged,"['Support', 'Nuker', 'Disabler']",/apps/dota2/images/heroes/dazzle_full.png?,/apps/dota2/images/heroes/dazzle_icon.png,200,,75,0.0,-1.0,25,22,28,18,21,25,2.5,1.7,3.7,550,1200,1.7,305,0.6,True,2,50,84785,43425,10,18,24,10298,5197,24631,12574,33946,17141,31330,15629,17560,8610,6725,3254,1986,944,272,130,47.564216120460586,1,safelane
49,51,npc_dota_hero_rattletrap,Clockwerk,str,Melee,"['Initiator', 'Disabler', 'Durable', 'Nuker']",/apps/dota2/images/heroes/rattletrap_full.png?,/apps/dota2/images/heroes/rattletrap_icon.png,200,,75,0.0,0.0,25,24,26,26,13,18,3.5,2.3,1.5,150,900,1.7,315,0.6,True,2,51,70024,37306,156,308,202,5072,2596,15050,7733,26823,13781,31354,16323,23379,12076,11933,6204,5274,2770,1524,780,52.221241541629894,3,offlane
50,52,npc_dota_hero_leshrac,Leshrac,int,Ranged,"['Carry', 'Support', 'Nuker', 'Pusher', 'Disabler']",/apps/dota2/images/heroes/leshrac_full.png?,/apps/dota2/images/heroes/leshrac_icon.png,200,,75,0.0,0.0,25,22,26,18,23,22,2.5,2.8,3.5,575,900,1.7,325,0.5,True,4,52,42019,20732,277,487,567,3422,1565,8261,3949,14287,7001,18981,9537,17085,8848,10115,5358,5445,2845,2181,1174,52.7012850773669,2,mid
51,53,npc_dota_hero_furion,Nature's Prophet,int,Ranged,"['Carry', 'Jungler', 'Pusher', 'Escape', 'Nuker']",/apps/dota2/images/heroes/furion_full.png?,/apps/dota2/images/heroes/furion_icon.png,200,,75,0.0,0.0,25,27,37,21,22,23,2.6,3.6,3.7,600,1125,1.7,290,0.6,True,2,53,105612,48501,91,170,111,11769,5258,19857,8508,22299,9388,18993,7915,11188,4923,4560,2028,1820,870,608,283,47.48764415156507,3,offlane
52,54,npc_dota_hero_life_stealer,Lifestealer,str,Melee,"['Carry', 'Durable', 'Jungler', 'Escape', 'Disabler']",/apps/dota2/images/heroes/life_stealer_full.png?,/apps/dota2/images/heroes/life_stealer_icon.png,200,,75,0.0,1.0,25,21,27,25,18,15,2.4,2.4,1.8,150,900,1.7,325,1.0,True,2,54,109536,54841,146,275,580,12959,6329,28238,13948,39222,19287,39166,18955,26565,12953,12420,6143,5710,2912,1800,933,51.19840213049268,1,safelane
53,55,npc_dota_hero_dark_seer,Dark Seer,int,Melee,"['Initiator', 'Jungler', 'Escape', 'Disabler']",/apps/dota2/images/heroes/dark_seer_full.png?,/apps/dota2/images/heroes/dark_seer_icon.png,200,,75,0.0,2.0,25,33,39,20,18,21,3.1,1.8,3.1,150,900,1.7,295,0.6,True,2,55,35533,19703,29,54,188,2580,1308,5249,2802,7543,3981,7442,3856,4876,2482,2248,1192,955,488,283,153,51.77705977382876,3,offlane
54,56,npc_dota_hero_clinkz,Clinkz,agi,Ranged,"['Carry', 'Escape', 'Pusher']",/apps/dota2/images/heroes/clinkz_full.png?,/apps/dota2/images/heroes/clinkz_icon.png,200,0.25,75,0.25,0.0,25,15,21,14,22,18,2.2,2.7,2.2,625,900,1.7,290,0.5,True,2,56,164710,94149,34,57,39,14748,8157,27990,15586,34528,19565,33263,19102,22611,12941,10806,6114,4551,2551,745,420,56.09894259818731,2,mid
55,57,npc_dota_hero_omniknight,Omniknight,str,Melee,"['Support', 'Durable', 'Nuker']",/apps/dota2/images/heroes/omniknight_full.png?,/apps/dota2/images/heroes/omniknight_icon.png,200,,75,0.0,1.0,25,31,41,22,15,15,3.4,1.8,1.8,150,900,1.7,305,0.6,True,2,57,37183,19756,111,206,207,3920,2019,8567,4536,12625,6779,13521,7399,9891,5437,5075,2834,2553,1456,1000,527,55.81198986771743,1,safelane
56,58,npc_dota_hero_enchantress,Enchantress,int,Ranged,"['Support', 'Jungler', 'Pusher', 'Durable', 'Disabler']",/apps/dota2/images/heroes/enchantress_full.png?,/apps/dota2/images/heroes/enchantress_icon.png,200,,75,0.0,1.0,25,23,33,17,19,22,1.7,1.8,3.8,575,900,1.7,320,0.6,True,4,58,41862,18792,93,203,290,5049,2250,7929,3509,9330,4100,8471,3754,5778,2584,2953,1339,1611,732,826,400,46.450553959786625,1,safelane
57,59,npc_dota_hero_huskar,Huskar,str,Ranged,"['Carry', 'Durable', 'Initiator']",/apps/dota2/images/heroes/huskar_full.png?,/apps/dota2/images/heroes/huskar_icon.png,200,,75,0.0,-1.0,25,21,26,21,15,18,3.2,1.8,1.5,400,1400,1.6,290,0.5,True,2,59,92297,44903,3,8,28,9796,4576,14890,7026,16335,7787,13361,6364,7454,3615,3069,1482,1086,536,149,72,49.23076923076923,2,mid
58,60,npc_dota_hero_night_stalker,Night Stalker,str,Melee,"['Carry', 'Initiator', 'Durable', 'Disabler', 'Nuker']",/apps/dota2/images/heroes/night_stalker_full.png?,/apps/dota2/images/heroes/night_stalker_icon.png,200,2.25,75,0.0,2.0,25,38,42,23,18,15,3.0,2.3,1.6,150,900,1.7,295,0.5,True,2,60,43449,21473,58,115,111,5261,2565,12662,6413,20416,10524,23613,12628,17400,9402,9042,4884,4289,2324,1050,543,53.699194605731414,3,offlane
59,61,npc_dota_hero_broodmother,Broodmother,agi,Melee,"['Carry', 'Pusher', 'Escape', 'Nuker']",/apps/dota2/images/heroes/broodmother_full.png?,/apps/dota2/images/heroes/broodmother_icon.png,200,,75,0.0,0.0,25,29,35,18,15,18,3.2,3.2,2.0,150,900,1.7,275,0.5,True,8,61,24685,11211,6,12,61,3126,1494,5599,2738,6929,3578,6928,3696,5207,2845,2886,1614,1469,805,440,247,55.10738606600314,2,mid
60,62,npc_dota_hero_bounty_hunter,Bounty Hunter,agi,Melee,"['Escape', 'Nuker']",/apps/dota2/images/heroes/bounty_hunter_full.png?,/apps/dota2/images/heroes/bounty_hunter_icon.png,200,1.25,75,0.5,4.0,25,30,38,20,21,19,2.5,2.6,2.0,150,900,1.7,315,0.6,True,2,62,108005,49888,5,12,17,12398,6052,21055,10284,25939,13001,25438,12866,16935,8739,7431,3742,2716,1349,493,260,50.140230601433466,3,offlane
61,63,npc_dota_hero_weaver,Weaver,agi,Ranged,"['Carry', 'Escape']",/apps/dota2/images/heroes/weaver_full.png?,/apps/dota2/images/heroes/weaver_icon.png,200,1.0,75,0.75,0.0,25,36,46,16,14,16,2.0,3.1,2.0,425,900,1.8,275,0.5,True,4,63,132938,67198,12,24,16,12625,6222,20955,10275,23903,11659,20725,10402,12002,5993,5033,2539,1695,832,292,144,49.11927528938097,3,offlane
62,64,npc_dota_hero_jakiro,Jakiro,int,Ranged,"['Support', 'Nuker', 'Pusher', 'Disabler']",/apps/dota2/images/heroes/jakiro_full.png?,/apps/dota2/images/heroes/jakiro_icon.png,200,,75,0.0,1.0,25,27,35,27,10,26,3.0,1.2,2.8,400,1100,1.7,290,0.5,True,2,64,71283,36709,53,93,155,8685,4479,21701,11037,35738,18294,39905,20202,28545,14419,12879,6413,5253,2535,1062,519,48.36104513064133,1,safelane
63,65,npc_dota_hero_batrider,Batrider,int,Ranged,"['Initiator', 'Jungler', 'Disabler', 'Escape']",/apps/dota2/images/heroes/batrider_full.png?,/apps/dota2/images/heroes/batrider_icon.png,200,1.75,75,0.0,0.0,25,16,20,28,15,22,2.9,1.8,2.9,375,900,1.7,290,1.0,True,2,65,20950,8860,62,146,464,1660,715,4143,1804,6428,2825,7049,3168,5600,2564,3128,1522,1853,903,911,443,48.69753979739508,3,offlane
64,66,npc_dota_hero_chen,Chen,int,Ranged,"['Support', 'Jungler', 'Pusher']",/apps/dota2/images/heroes/chen_full.png?,/apps/dota2/images/heroes/chen_icon.png,200,,75,0.0,-1.0,25,25,35,25,15,19,2.0,2.1,3.2,650,1100,1.7,300,0.6,True,2,66,12523,5189,48,102,148,842,381,1671,760,2451,1150,2806,1361,2263,1111,1346,681,864,459,367,213,54.5897644191714,1,safelane
65,67,npc_dota_hero_spectre,Spectre,agi,Melee,"['Carry', 'Durable', 'Escape']",/apps/dota2/images/heroes/spectre_full.png?,/apps/dota2/images/heroes/spectre_icon.png,200,1.5,75,0.0,0.0,25,23,27,23,23,16,2.5,2.1,1.9,150,900,1.7,290,0.5,True,0,67,141525,82254,177,332,585,17060,9852,43530,24851,67451,37443,73393,40420,52156,28471,25092,13517,10891,5674,2787,1402,51.73270946044744,1,safelane
66,68,npc_dota_hero_ancient_apparition,Ancient Apparition,int,Ranged,"['Support', 'Disabler', 'Nuker']",/apps/dota2/images/heroes/ancient_apparition_full.png?,/apps/dota2/images/heroes/ancient_apparition_icon.png,200,,75,0.0,-1.0,25,21,31,20,20,23,1.9,2.2,3.4,675,1250,1.7,285,0.6,True,2,68,83568,43122,56,105,114,6125,3122,17133,8797,27999,14419,29324,15192,19704,10066,8649,4468,3172,1589,706,341,49.76792160907684,1,safelane
67,69,npc_dota_hero_doom_bringer,Doom,str,Melee,"['Carry', 'Disabler', 'Initiator', 'Durable', 'Nuker']",/apps/dota2/images/heroes/doom_bringer_full.png?,/apps/dota2/images/heroes/doom_bringer_icon.png,200,,75,0.0,0.0,25,30,46,24,11,15,3.7,0.9,2.1,200,900,2.0,285,0.5,True,2,69,36163,15771,101,223,335,4764,2146,11679,5356,19618,9116,22704,10745,17448,8329,8970,4225,4033,1911,1233,615,47.968097227497154,3,offlane
68,70,npc_dota_hero_ursa,Ursa,agi,Melee,"['Carry', 'Jungler', 'Durable', 'Disabler']",/apps/dota2/images/heroes/ursa_full.png?,/apps/dota2/images/heroes/ursa_icon.png,200,0.5,75,0.0,1.0,25,24,28,24,18,16,2.6,2.4,1.5,150,900,1.7,310,0.5,True,2,70,100677,52194,19,53,44,8642,4173,17603,8434,25146,12283,25621,12457,16700,7810,7047,3315,2560,1186,473,211,46.060006594131224,1,safelane
69,71,npc_dota_hero_spirit_breaker,Spirit Breaker,str,Melee,"['Carry', 'Initiator', 'Disabler', 'Durable', 'Escape']",/apps/dota2/images/heroes/spirit_breaker_full.png?,/apps/dota2/images/heroes/spirit_breaker_icon.png,200,1.25,75,0.0,2.0,25,31,41,29,17,14,3.1,1.7,1.8,150,900,1.9,290,0.5,True,2,71,141444,71265,27,59,12,14736,7667,27579,14143,34716,17576,31169,15793,19284,9829,8276,4161,3358,1741,734,344,50.95307917888563,3,offlane
70,72,npc_dota_hero_gyrocopter,Gyrocopter,agi,Ranged,"['Carry', 'Nuker', 'Disabler']",/apps/dota2/images/heroes/gyrocopter_full.png?,/apps/dota2/images/heroes/gyrocopter_icon.png,200,,75,0.0,2.0,25,21,31,22,19,21,2.5,3.6,2.1,365,3000,1.7,315,0.6,True,2,72,49991,24657,22,42,30,5552,2665,10461,4980,13614,6373,12104,5556,7227,3243,2883,1284,893,394,194,82,43.7902483900644,1,safelane
71,73,npc_dota_hero_alchemist,Alchemist,str,Melee,"['Carry', 'Support', 'Durable', 'Disabler', 'Initiator', 'Nuker']",/apps/dota2/images/heroes/alchemist_full.png?,/apps/dota2/images/heroes/alchemist_icon.png,200,,75,0.0,-1.0,25,24,33,25,22,25,2.7,1.5,1.8,150,900,1.7,305,0.6,True,2,73,39379,16228,14,35,32,6618,3160,14711,6952,19983,9793,18954,9471,11495,5805,4729,2396,1504,746,312,156,49.669603524229075,2,mid
72,74,npc_dota_hero_invoker,Invoker,int,Ranged,"['Carry', 'Nuker', 'Disabler', 'Escape', 'Pusher']",/apps/dota2/images/heroes/invoker_full.png?,/apps/dota2/images/heroes/invoker_icon.png,200,,75,0.0,0.0,25,29,35,18,14,15,2.4,1.9,4.6,600,900,1.7,280,0.5,True,2,74,297389,146023,122,245,515,17565,8256,46802,22624,78132,38496,85936,42613,58800,29396,26739,13570,10089,5207,2235,1181,51.83382018825057,2,mid
73,75,npc_dota_hero_silencer,Silencer,int,Ranged,"['Carry', 'Support', 'Disabler', 'Initiator', 'Nuker']",/apps/dota2/images/heroes/silencer_full.png?,/apps/dota2/images/heroes/silencer_icon.png,200,,75,0.0,-1.0,25,18,32,19,22,25,2.7,2.4,2.9,600,900,1.7,290,0.6,True,2,75,118910,59504,18,42,27,12289,6229,27201,14025,37077,18922,35231,17881,21479,10688,8745,4355,2947,1437,475,248,49.24021040327294,3,offlane
74,76,npc_dota_hero_obsidian_destroyer,Outworld Devourer,int,Ranged,"['Carry', 'Nuker', 'Disabler']",/apps/dota2/images/heroes/obsidian_destroyer_full.png?,/apps/dota2/images/heroes/obsidian_destroyer_icon.png,200,,75,0.0,1.5,25,16,31,21,24,30,2.9,2.0,4.2,450,900,1.9,310,0.5,True,4,76,41409,19198,37,66,272,3541,1547,8043,3711,13330,6292,16059,7542,12329,5941,6062,2814,2503,1196,532,250,47.64415156507413,2,mid
75,77,npc_dota_hero_lycan,Lycan,str,Melee,"['Carry', 'Pusher', 'Jungler', 'Durable', 'Escape']",/apps/dota2/images/heroes/lycan_full.png?,/apps/dota2/images/heroes/lycan_icon.png,200,,75,0.0,-1.0,25,24,29,26,16,23,3.4,1.0,1.4,150,900,1.7,305,0.5,True,2,77,25042,10220,9,16,21,2162,892,3697,1514,4506,1886,4075,1706,2439,1130,1164,570,522,285,191,105,54.698457223001405,3,offlane
76,78,npc_dota_hero_brewmaster,Brewmaster,str,Melee,"['Carry', 'Initiator', 'Durable', 'Disabler', 'Nuker']",/apps/dota2/images/heroes/brewmaster_full.png?,/apps/dota2/images/heroes/brewmaster_icon.png,200,0.5,75,0.0,-1.0,25,29,36,23,22,15,3.7,2.0,1.6,150,900,1.7,305,0.6,True,2,78,17346,8271,36,60,49,1477,733,3131,1465,4743,2283,5330,2596,4153,2041,2231,1075,1153,580,316,159,50.306330837304294,3,offlane
77,79,npc_dota_hero_shadow_demon,Shadow Demon,int,Ranged,"['Support', 'Disabler', 'Initiator', 'Nuker']",/apps/dota2/images/heroes/shadow_demon_full.png?,/apps/dota2/images/heroes/shadow_demon_icon.png,200,,75,0.0,0.0,25,29,33,23,18,21,2.6,2.2,3.3,500,900,1.7,290,0.6,True,2,79,29603,13264,87,168,130,2277,1013,5544,2590,9498,4410,11299,5319,8639,4044,4366,2119,1899,936,493,246,49.414715719063544,1,safelane
78,80,npc_dota_hero_lone_druid,Lone Druid,agi,Ranged,"['Carry', 'Pusher', 'Jungler', 'Durable']",/apps/dota2/images/heroes/lone_druid_full.png?,/apps/dota2/images/heroes/lone_druid_icon.png,200,0.25,75,0.0,-2.0,25,18,22,18,20,13,2.5,2.8,1.4,550,900,1.7,325,0.5,True,2,80,28793,12477,11,24,91,3131,1460,6257,2983,8248,4123,8118,4057,5534,2779,2480,1275,950,482,186,84,49.82394366197183,2,mid
79,81,npc_dota_hero_chaos_knight,Chaos Knight,str,Melee,"['Carry', 'Disabler', 'Durable', 'Pusher', 'Initiator']",/apps/dota2/images/heroes/chaos_knight_full.png?,/apps/dota2/images/heroes/chaos_knight_icon.png,200,,75,0.0,2.0,25,29,59,22,14,18,3.4,1.4,1.2,150,900,1.7,320,0.5,True,2,81,79303,41654,70,136,86,12042,6386,21467,11167,25858,13478,23421,12202,15477,8051,7855,4123,3800,1993,1246,637,52.12049147839873,3,offlane
80,82,npc_dota_hero_meepo,Meepo,agi,Melee,"['Carry', 'Escape', 'Nuker', 'Disabler', 'Initiator', 'Pusher']",/apps/dota2/images/heroes/meepo_full.png?,/apps/dota2/images/heroes/meepo_icon.png,200,0.25,75,0.0,4.0,25,29,35,24,17,20,1.8,1.8,1.6,150,900,1.7,330,0.65,True,2,82,30135,12678,10,13,12,3191,1548,5762,2834,6946,3307,6453,2970,4080,1951,1649,766,653,338,105,41,50.0,2,mid
81,83,npc_dota_hero_treant,Treant Protector,str,Melee,"['Support', 'Initiator', 'Durable', 'Disabler', 'Escape']",/apps/dota2/images/heroes/treant_full.png?,/apps/dota2/images/heroes/treant_icon.png,200,,75,0.5,-1.0,25,62,70,25,15,20,3.4,2.0,1.8,150,900,1.9,280,0.5,True,2,83,60465,30561,61,135,32,7483,3893,16991,8917,25091,13078,26374,13464,18665,9467,9106,4584,3927,1969,944,482,50.31820981318005,3,offlane
82,84,npc_dota_hero_ogre_magi,Ogre Magi,int,Melee,"['Support', 'Nuker', 'Disabler', 'Durable', 'Initiator']",/apps/dota2/images/heroes/ogre_magi_full.png?,/apps/dota2/images/heroes/ogre_magi_icon.png,200,3.25,75,0.0,5.0,25,39,45,23,14,15,3.5,1.5,2.5,150,900,1.7,290,0.6,True,2,84,342249,189669,171,337,123,28904,15665,66104,35603,94086,50510,90772,48285,56527,29904,23165,12120,8654,4483,1628,837,51.740906438436106,1,safelane
83,85,npc_dota_hero_undying,Undying,str,Melee,"['Support', 'Durable', 'Disabler', 'Nuker']",/apps/dota2/images/heroes/undying_full.png?,/apps/dota2/images/heroes/undying_icon.png,200,,75,0.0,1.0,25,35,43,22,10,27,2.8,0.8,2.8,150,900,1.7,300,0.6,True,2,85,97582,52210,254,486,649,11376,5982,24371,12831,34978,18593,36705,19290,27267,14315,14410,7541,7632,3942,2654,1405,51.98327824227105,1,safelane
84,86,npc_dota_hero_rubick,Rubick,int,Ranged,"['Support', 'Disabler', 'Nuker']",/apps/dota2/images/heroes/rubick_full.png?,/apps/dota2/images/heroes/rubick_icon.png,200,,75,0.0,0.0,25,24,30,21,23,25,2.0,2.5,3.1,550,1125,1.7,290,0.7,True,2,86,154973,71363,230,490,310,10665,4895,30007,13994,53173,24705,64700,30224,49460,23422,24383,11673,10343,5006,3018,1435,48.20746950078587,3,offlane
85,87,npc_dota_hero_disruptor,Disruptor,int,Ranged,"['Support', 'Disabler', 'Nuker', 'Initiator']",/apps/dota2/images/heroes/disruptor_full.png?,/apps/dota2/images/heroes/disruptor_icon.png,200,,75,0.0,0.0,25,29,33,21,15,20,2.4,1.4,2.9,625,1200,1.7,295,0.5,True,2,87,59135,28519,56,121,39,7582,3843,20076,9915,32573,16333,36091,18004,25951,12897,12287,5986,5115,2534,1119,545,49.39043952518447,1,safelane
86,88,npc_dota_hero_nyx_assassin,Nyx Assassin,agi,Melee,"['Disabler', 'Nuker', 'Initiator', 'Escape']",/apps/dota2/images/heroes/nyx_assassin_full.png?,/apps/dota2/images/heroes/nyx_assassin_icon.png,200,2.5,75,0.0,1.0,25,27,31,18,19,18,2.5,2.5,2.1,150,900,1.7,315,0.5,True,6,88,69261,34332,38,77,86,3999,1881,9210,4520,13691,6717,14877,7498,10511,5393,4972,2564,1901,976,468,261,52.21612494723512,3,offlane
87,89,npc_dota_hero_naga_siren,Naga Siren,agi,Melee,"['Carry', 'Support', 'Pusher', 'Disabler', 'Initiator', 'Escape']",/apps/dota2/images/heroes/naga_siren_full.png?,/apps/dota2/images/heroes/naga_siren_icon.png,200,1.5,75,0.0,3.0,25,23,25,22,21,21,2.8,3.5,2.0,150,900,1.7,330,0.5,True,0,89,31651,16057,11,22,64,3741,1914,6126,3051,6934,3319,5832,2754,3296,1551,1442,702,569,277,148,69,48.25662482566248,1,safelane
88,90,npc_dota_hero_keeper_of_the_light,Keeper of the Light,int,Ranged,"['Support', 'Nuker', 'Disabler', 'Jungler']",/apps/dota2/images/heroes/keeper_of_the_light_full.png?,/apps/dota2/images/heroes/keeper_of_the_light_icon.png,200,,75,0.0,-1.0,25,18,25,16,15,23,2.3,1.6,3.2,600,900,1.7,330,0.5,True,2,90,40096,18573,23,44,11,5058,2306,11480,5389,16185,7620,15622,7261,9549,4372,3988,1872,1356,612,318,163,46.2962962962963,1,safelane
89,91,npc_dota_hero_wisp,Io,str,Ranged,"['Support', 'Escape', 'Nuker']",/apps/dota2/images/heroes/wisp_full.png?,/apps/dota2/images/heroes/wisp_icon.png,200,,75,0.0,1.0,25,22,31,17,14,23,3.0,1.6,1.7,500,1200,1.7,320,0.7,True,0,91,56368,26289,178,350,688,4158,1965,10233,4878,15831,7468,17902,8633,13090,6232,7124,3486,3391,1711,1380,716,50.86983860825822,1,safelane
90,92,npc_dota_hero_visage,Visage,int,Ranged,"['Support', 'Nuker', 'Durable', 'Disabler', 'Pusher']",/apps/dota2/images/heroes/visage_full.png?,/apps/dota2/images/heroes/visage_icon.png,200,,75,0.0,-2.0,25,23,33,22,11,22,2.8,1.3,2.9,600,1000,1.7,285,0.5,True,2,92,14748,6784,6,10,14,957,422,1757,806,2650,1287,2766,1347,2129,1085,1347,752,774,414,280,144,52.94117647058824,3,offlane
91,93,npc_dota_hero_slark,Slark,agi,Melee,"['Carry', 'Escape', 'Disabler', 'Nuker']",/apps/dota2/images/heroes/slark_full.png?,/apps/dota2/images/heroes/slark_icon.png,200,1.75,75,0.0,0.0,25,32,40,21,21,16,1.9,1.7,1.7,150,0,1.7,300,0.7,True,2,93,175820,88071,26,64,186,18586,9410,42087,20775,58952,28973,55625,26857,34186,16197,13972,6620,4621,2183,708,320,46.96941264777632,1,safelane
92,94,npc_dota_hero_medusa,Medusa,agi,Ranged,"['Carry', 'Disabler', 'Durable']",/apps/dota2/images/heroes/medusa_full.png?,/apps/dota2/images/heroes/medusa_icon.png,200,,75,0.0,-1.0,25,24,30,17,22,23,1.5,3.6,4.0,600,1200,1.7,275,0.5,True,0,94,78528,41107,35,68,66,12183,6285,23752,12081,28833,14551,22211,10874,10733,5133,3383,1593,882,417,172,80,47.15370018975332,2,mid
93,95,npc_dota_hero_troll_warlord,Troll Warlord,agi,Ranged,"['Carry', 'Pusher', 'Disabler', 'Durable']",/apps/dota2/images/heroes/troll_warlord_full.png?,/apps/dota2/images/heroes/troll_warlord_icon.png,200,0.25,75,0.0,-1.0,25,27,35,21,21,13,2.5,3.3,1.0,500,1200,1.7,290,0.5,True,2,95,122257,65890,84,173,368,12239,6206,19618,10089,23402,11915,21050,10538,13137,6554,5984,2970,2518,1277,758,386,50.76312576312576,1,safelane
94,96,npc_dota_hero_centaur,Centaur Warrunner,str,Melee,"['Durable', 'Initiator', 'Disabler', 'Nuker', 'Escape']",/apps/dota2/images/heroes/centaur_full.png?,/apps/dota2/images/heroes/centaur_icon.png,200,,75,0.0,0.0,25,36,38,27,15,15,4.6,1.0,1.6,150,900,1.7,300,0.5,True,4,96,44715,23136,44,93,45,5280,2632,12380,6224,18629,9191,18869,9399,12486,6170,5383,2627,2080,1000,455,211,47.77120315581854,3,offlane
95,97,npc_dota_hero_magnataur,Magnus,str,Melee,"['Initiator', 'Disabler', 'Nuker', 'Escape']",/apps/dota2/images/heroes/magnataur_full.png?,/apps/dota2/images/heroes/magnataur_icon.png,200,0.5,75,0.0,1.0,25,32,40,25,15,19,3.5,2.5,1.7,150,900,1.8,305,0.8,True,4,97,65728,31073,123,255,492,4482,2019,15788,7357,32035,15517,41497,20327,32986,16280,16925,8356,7956,4048,2352,1218,51.08653473030655,3,offlane
96,98,npc_dota_hero_shredder,Timbersaw,str,Melee,"['Nuker', 'Durable', 'Escape']",/apps/dota2/images/heroes/shredder_full.png?,/apps/dota2/images/heroes/shredder_icon.png,200,,75,0.5,-1.0,25,26,30,24,16,23,3.2,1.6,2.7,150,900,1.7,290,0.6,True,2,98,50464,23357,81,162,454,5488,2453,12950,6062,20040,9429,20759,9660,14892,7102,7390,3597,3618,1742,1221,623,48.87373424261211,3,offlane
97,99,npc_dota_hero_bristleback,Bristleback,str,Melee,"['Carry', 'Durable', 'Initiator', 'Nuker']",/apps/dota2/images/heroes/bristleback_full.png?,/apps/dota2/images/heroes/bristleback_icon.png,200,,75,0.0,1.0,25,25,35,22,17,14,2.9,1.8,2.8,150,900,1.8,290,1.0,True,2,99,166961,87017,7,16,26,20576,10663,36227,18154,42073,20566,34236,16154,17890,8268,6044,2664,1678,744,220,85,43.67755532139094,3,offlane
98,100,npc_dota_hero_tusk,Tusk,str,Melee,"['Initiator', 'Disabler', 'Nuker']",/apps/dota2/images/heroes/tusk_full.png?,/apps/dota2/images/heroes/tusk_icon.png,200,1.0,75,0.0,1.0,25,27,31,23,23,18,3.9,2.1,1.7,150,900,1.7,315,0.7,True,2,100,88006,42210,138,278,196,6407,2985,15878,7505,25616,12366,28407,13807,20809,10205,10579,5253,4982,2507,1527,801,50.82193885389461,3,offlane
99,101,npc_dota_hero_skywrath_mage,Skywrath Mage,int,Ranged,"['Support', 'Nuker', 'Disabler']",/apps/dota2/images/heroes/skywrath_mage_full.png?,/apps/dota2/images/heroes/skywrath_mage_icon.png,200,,75,0.0,-2.0,25,14,24,21,13,25,2.0,0.8,4.1,625,1000,1.7,325,0.5,True,2,101,162085,82399,47,98,46,15117,7892,29314,14908,37890,19027,35702,17930,23084,11612,10609,5327,4448,2183,1007,492,49.03758020164986,3,offlane
100,102,npc_dota_hero_abaddon,Abaddon,str,Melee,"['Support', 'Carry', 'Durable']",/apps/dota2/images/heroes/abaddon_full.png?,/apps/dota2/images/heroes/abaddon_icon.png,200,0.5,75,0.0,-1.0,25,28,38,23,23,18,3.0,1.5,2.0,150,900,1.7,325,0.5,True,2,102,52194,27685,36,87,37,5859,3002,12164,6368,16164,8340,15171,7864,9446,4854,4072,2067,1432,706,276,139,49.47306791569087,3,offlane
101,103,npc_dota_hero_elder_titan,Elder Titan,str,Melee,"['Initiator', 'Disabler', 'Nuker', 'Durable']",/apps/dota2/images/heroes/elder_titan_full.png?,/apps/dota2/images/heroes/elder_titan_icon.png,200,,75,0.0,0.0,25,23,33,26,14,23,3.0,1.8,1.6,150,900,1.7,310,0.5,True,2,103,26684,13319,133,248,206,2155,1069,4632,2324,6847,3454,7362,3753,5429,2783,2852,1414,1341,697,581,327,53.277835587929246,3,offlane
102,104,npc_dota_hero_legion_commander,Legion Commander,str,Melee,"['Carry', 'Disabler', 'Initiator', 'Durable', 'Nuker']",/apps/dota2/images/heroes/legion_commander_full.png?,/apps/dota2/images/heroes/legion_commander_icon.png,200,,75,0.0,0.0,25,35,39,25,18,20,3.3,1.7,2.2,150,900,1.7,330,0.5,True,2,104,202966,97332,61,124,136,25109,12805,51692,25968,69823,34988,66801,33240,42980,21489,18552,9180,7494,3631,1608,768,48.330037354427596,3,offlane
103,105,npc_dota_hero_techies,Techies,int,Ranged,"['Nuker', 'Disabler']",/apps/dota2/images/heroes/techies_full.png?,/apps/dota2/images/heroes/techies_icon.png,200,,75,1.0,5.0,25,9,11,19,14,25,2.5,1.3,3.3,700,900,1.7,310,0.5,True,6,105,112029,50345,6,22,47,12136,6151,24954,12643,34730,17381,33724,16540,21504,10515,9190,4481,3149,1564,757,348,48.95033282130056,3,offlane
104,106,npc_dota_hero_ember_spirit,Ember Spirit,agi,Melee,"['Carry', 'Escape', 'Nuker', 'Disabler', 'Initiator']",/apps/dota2/images/heroes/ember_spirit_full.png?,/apps/dota2/images/heroes/ember_spirit_icon.png,200,0.5,75,0.0,-1.0,25,33,37,21,22,20,2.6,2.6,1.8,150,900,1.7,305,0.5,True,2,106,77835,33945,130,233,433,6030,2646,16654,7519,29956,13527,35580,16262,25764,11785,12257,5702,5301,2434,1633,811,46.79838477069512,2,mid
105,107,npc_dota_hero_earth_spirit,Earth Spirit,str,Melee,"['Nuker', 'Escape', 'Disabler', 'Initiator', 'Durable']",/apps/dota2/images/heroes/earth_spirit_full.png?,/apps/dota2/images/heroes/earth_spirit_icon.png,200,,75,0.0,0.0,25,25,35,22,17,20,4.4,2.4,2.1,150,900,1.7,290,0.6,True,2,107,56273,25773,188,342,198,3510,1643,9905,4756,17989,8550,23290,11278,18735,9154,10080,4990,4887,2490,1781,917,51.09478104379124,3,offlane
106,108,npc_dota_hero_abyssal_underlord,Underlord,str,Melee,"['Support', 'Nuker', 'Disabler', 'Durable', 'Escape']",/apps/dota2/images/heroes/abyssal_underlord_full.png?,/apps/dota2/images/heroes/abyssal_underlord_icon.png,200,,75,0.0,3.0,25,37,43,25,12,17,3.0,1.6,2.3,175,900,1.7,295,0.6,True,2,108,44945,24975,63,140,183,5872,3257,15551,8649,26878,15249,31517,17768,23302,12940,11805,6465,5002,2690,1064,541,53.26409495548962,3,offlane
107,109,npc_dota_hero_terrorblade,Terrorblade,agi,Melee,"['Carry', 'Pusher', 'Nuker']",/apps/dota2/images/heroes/terrorblade_full.png?,/apps/dota2/images/heroes/terrorblade_icon.png,200,,75,0.0,7.0,25,26,32,15,22,19,1.7,4.8,1.6,150,900,1.5,315,0.5,True,2,109,44950,21729,101,195,391,4723,2141,10273,4765,14771,6821,15675,7459,12051,5877,6842,3312,3840,1870,1494,744,49.006374203224595,1,safelane
108,110,npc_dota_hero_phoenix,Phoenix,str,Ranged,"['Support', 'Nuker', 'Initiator', 'Escape', 'Disabler']",/apps/dota2/images/heroes/phoenix_full.png?,/apps/dota2/images/heroes/phoenix_icon.png,200,1.0,75,0.0,-1.0,25,28,38,23,12,16,3.7,1.3,1.8,525,1100,1.7,280,1.0,True,2,110,56744,27996,178,349,457,4214,2092,12231,6138,22428,11183,28362,14482,23129,11783,12572,6279,6242,3121,2074,1049,50.144300144300146,3,offlane
109,111,npc_dota_hero_oracle,Oracle,int,Ranged,"['Support', 'Nuker', 'Disabler', 'Escape']",/apps/dota2/images/heroes/oracle_full.png?,/apps/dota2/images/heroes/oracle_icon.png,200,,75,0.5,0.0,25,13,19,20,15,26,2.4,1.7,4.0,620,900,1.7,295,0.7,True,2,111,41054,19492,92,176,137,2758,1225,8260,4042,15812,7811,20706,10265,17758,8927,9962,5056,4977,2543,1486,739,50.7813708803961,1,safelane
110,112,npc_dota_hero_winter_wyvern,Winter Wyvern,int,Ranged,"['Support', 'Disabler', 'Nuker']",/apps/dota2/images/heroes/winter_wyvern_full.png?,/apps/dota2/images/heroes/winter_wyvern_icon.png,200,,75,0.0,-1.0,25,12,19,24,16,26,2.6,1.9,3.6,425,700,1.7,285,0.5,True,2,112,41594,19296,24,54,44,4096,1997,9553,4519,14503,6956,15675,7599,11395,5498,5642,2759,2661,1310,692,347,49.418431255592004,1,safelane
111,113,npc_dota_hero_arc_warden,Arc Warden,agi,Ranged,"['Carry', 'Escape', 'Nuker']",/apps/dota2/images/heroes/arc_warden_full.png?,/apps/dota2/images/heroes/arc_warden_icon.png,200,0.25,75,0.0,-1.0,25,31,41,25,16,24,3.0,2.5,2.6,625,900,1.7,285,0.7,True,2,113,50221,25784,25,56,88,3979,1964,10223,5340,16111,8460,18125,9623,13596,7095,6678,3539,2666,1364,527,277,51.39367366113373,2,mid
112,114,npc_dota_hero_monkey_king,Monkey King,agi,Melee,"['Carry', 'Escape', 'Disabler', 'Initiator']",/apps/dota2/images/heroes/monkey_king_full.png?,/apps/dota2/images/heroes/monkey_king_icon.png,200,1.5,75,0.0,1.0,25,29,35,19,22,20,2.8,3.7,1.8,300,900,1.7,305,0.6,True,2,114,126249,60927,57,110,149,15165,7364,28886,13980,38287,18481,37745,18432,24916,12236,11327,5506,4193,2017,1002,500,48.450433108758425,1,safelane
113,119,npc_dota_hero_dark_willow,Dark Willow,int,Ranged,"['Support', 'Nuker', 'Disabler', 'Escape']",/apps/dota2/images/heroes/dark_willow_full.png?,/apps/dota2/images/heroes/dark_willow_icon.png,200,,75,0.0,-1.0,25,27,35,20,18,18,2.0,1.6,3.5,475,1200,1.5,290,0.7,True,2,119,76747,36788,45,82,35,6201,2949,13077,6417,20152,10020,21787,10929,15417,7765,7445,3740,3444,1788,1060,541,51.70959147424512,3,offlane
114,120,npc_dota_hero_pangolier,Pangolier,agi,Melee,"['Carry', 'Nuker', 'Disabler', 'Durable', 'Escape', 'Initiator']",/apps/dota2/images/heroes/pangolier_full.png?,/apps/dota2/images/heroes/pangolier_icon.png,200,0.25,75,0.0,1.0,25,33,39,17,18,16,2.5,3.2,1.9,150,900,1.7,305,1.0,True,2,120,58593,26972,32,80,59,3891,1683,9845,4538,17576,8350,22961,10963,18853,9051,10231,4957,4842,2336,1487,735,48.52267340812135,3,offlane
115,121,npc_dota_hero_grimstroke,Grimstroke,int,Ranged,"['Support', 'Nuker', 'Disabler', 'Escape']",/apps/dota2/images/heroes/grimstroke_full.png?,/apps/dota2/images/heroes/grimstroke_icon.png,200,,75,0.0,0.0,25,21,25,21,18,25,2.4,1.9,3.8,575,900,1.7,290,0.6,True,2,121,49801,22848,64,125,48,5886,2752,14909,6951,24977,11648,28543,13317,20399,9446,9556,4317,3677,1678,823,354,45.15555555555555,1,safelane
116,126,npc_dota_hero_void_spirit,Void Spirit,int,Melee,"['Carry', 'Escape', 'Nuker', 'Disabler']",/apps/dota2/images/heroes/void_spirit_full.png?,/apps/dota2/images/heroes/void_spirit_icon.png,200,,75,0.6,-1.0,25,32,36,22,19,24,2.6,2.2,3.1,200,900,1.7,295,0.7,True,2,126,84044,39850,173,361,488,6419,2960,15834,7718,27383,13539,33690,16880,27498,13849,15123,7699,7684,3942,2652,1344,51.14164086687306,2,mid
117,128,npc_dota_hero_snapfire,Snapfire,str,Ranged,"['Support', 'Nuker', 'Disabler', 'Escape']",/apps/dota2/images/heroes/snapfire_full.png?,/apps/dota2/images/heroes/snapfire_icon.png,200,,75,0.0,0.0,25,26,32,20,16,18,3.3,1.9,2.2,500,1800,1.6,300,0.5,True,2,128,127685,59291,230,479,410,8896,4199,24216,11490,44406,21379,56055,26811,44538,21246,22961,10766,10294,4803,2865,1251,46.00653545102211,3,offlane
118,129,npc_dota_hero_mars,Mars,str,Melee,"['Carry', 'Initiator', 'Disabler', 'Durable']",/apps/dota2/images/heroes/mars_full.png?,/apps/dota2/images/heroes/mars_icon.png,200,,75,0.0,-1.0,25,29,37,23,20,20,3.4,1.9,1.4,250,900,1.8,310,0.8,True,2,129,78372,38747,298,613,703,7969,3851,21750,10610,38877,19072,49598,24325,41052,20069,22433,11016,10869,5264,3347,1661,48.712718064153066,3,offlane
